instance_id,solution_complexity,entry_point_clarity,side_effect_risk,test_edge_case_coverage,codebase_scope,fix_localization,test_comprehensiveness,verification_difficulty,reproduction_clarity,problem_clarity,logical_reasoning_required,expected_behavior_clarity,debugging_complexity,integration_complexity,error_specificity
django__django-11880,1,5,2,1,1,5,2,2,4,5,2,5,2,2,4
django__django-12039,2,5,2,4,2,5,4,2,5,5,2,5,2,3,4
django__django-12193,1,5,2,3,2,5,4,2,3,5,2,4,2,2,4
astropy__astropy-14598,2,4,3,3,2,4,3,3,5,5,4,4,4,3,5
django__django-13297,2,5,3,2,2,4,3,2,5,4,3,4,3,3,5
sympy__sympy-21847,1,5,2,3,2,5,4,2,5,5,2,4,2,2,4
matplotlib__matplotlib-20676,2,4,2,3,1,4,4,2,5,5,3,4,2,3,4
django__django-14155,2,5,2,3,1,5,4,2,3,4,2,4,2,2,4
sphinx-doc__sphinx-9591,2,4,2,1,1,4,2,2,5,5,2,4,3,3,4
django__django-11087,4,4,3,4,2,4,4,3,4,5,4,4,4,4,5
django__django-16938,2,4,2,3,2,4,4,2,5,5,2,3,2,3,5
django__django-15569,1,5,2,2,2,5,3,2,4,5,2,5,2,3,4
django__django-13794,2,5,3,2,2,5,3,2,4,4,2,4,2,3,5
django__django-11603,1,5,2,2,1,5,3,1,3,5,2,5,1,2,4
django__django-11551,2,5,3,2,1,5,2,3,5,5,4,5,2,3,5
django__django-16502,3,4,3,3,2,5,4,3,5,5,4,5,2,4,5
sympy__sympy-21596,3,4,3,4,2,5,4,3,5,4,4,5,4,4,4
sphinx-doc__sphinx-10449,2,4,2,2,2,4,3,2,5,5,3,4,3,3,4
django__django-15103,2,5,2,2,2,4,3,2,3,4,2,4,2,2,4
sympy__sympy-11618,2,5,3,2,1,4,2,2,5,4,3,5,2,2,4
django__django-15695,2,5,2,3,2,5,3,2,4,4,3,4,3,3,5
django__django-13741,2,5,2,2,1,5,2,2,3,5,2,5,1,3,4
django__django-15380,1,5,2,2,1,5,2,2,4,4,3,4,3,3,5
django__django-14315,2,5,2,4,2,5,4,2,3,5,2,4,2,3,4
django__django-11951,1,5,2,3,1,5,3,2,3,5,2,5,1,2,4
django__django-13346,3,4,3,4,2,5,4,4,4,4,4,4,4,4,4
scikit-learn__scikit-learn-14894,2,5,2,3,1,5,2,2,5,5,2,4,2,2,5
django__django-13809,2,5,2,2,2,5,3,2,3,4,2,5,2,2,3
sympy__sympy-16450,1,5,3,2,1,5,2,2,5,5,2,4,2,2,4
django__django-14765,1,5,3,2,1,5,2,1,4,5,2,5,1,2,4
matplotlib__matplotlib-21568,2,4,3,3,2,5,4,2,5,4,3,4,2,3,4
sphinx-doc__sphinx-7757,2,4,2,2,1,5,2,2,5,5,3,4,3,2,4
django__django-15973,1,4,2,2,2,3,3,2,5,4,3,4,4,3,5
sphinx-doc__sphinx-8621,1,5,2,3,1,5,3,2,5,5,3,4,2,2,5
matplotlib__matplotlib-13989,1,4,2,2,1,5,2,2,5,4,2,4,2,2,4
sphinx-doc__sphinx-9698,1,5,1,1,1,5,2,1,5,5,2,4,2,2,4
sympy__sympy-12096,2,5,3,1,1,5,2,2,5,5,2,4,2,3,4
django__django-15375,2,4,2,3,2,5,3,2,5,5,3,4,4,3,5
pydata__xarray-6938,3,4,3,2,2,5,2,2,5,4,3,4,4,3,4
sympy__sympy-16597,4,4,4,4,4,5,4,4,5,4,4,4,4,5,4
astropy__astropy-7336,1,5,2,4,2,5,4,2,5,5,2,4,2,2,5
django__django-14122,2,4,3,2,2,4,2,2,3,4,3,4,4,4,4
django__django-7530,1,4,2,3,2,5,3,3,3,4,3,5,2,3,4
django__django-11265,4,4,3,2,2,4,2,4,5,5,4,4,4,4,5
psf__requests-1766,1,5,2,1,1,5,2,2,4,5,2,5,1,2,4
matplotlib__matplotlib-25287,2,5,2,2,1,4,3,2,5,5,2,4,1,2,4
pydata__xarray-3151,2,5,2,2,1,5,2,2,5,5,3,4,2,3,5
django__django-16631,3,5,3,2,2,4,3,3,3,4,4,4,2,4,4
sympy__sympy-18199,4,5,4,4,2,4,4,4,5,3,4,5,3,4,4
pydata__xarray-4695,1,4,2,2,1,5,2,2,5,5,2,4,1,2,5
pytest-dev__pytest-5631,2,5,2,3,1,5,3,2,4,5,2,4,2,3,5
sphinx-doc__sphinx-9230,1,4,2,2,1,4,3,2,4,5,2,5,2,3,4
django__django-16667,1,5,2,4,1,5,4,2,5,5,2,4,1,2,5
django__django-14089,1,5,2,1,1,5,2,1,4,5,1,5,1,2,4
django__django-15732,3,4,3,4,2,4,4,3,5,4,4,4,4,4,5
sympy__sympy-13852,3,5,3,4,2,4,4,3,5,4,4,5,3,3,5
django__django-12262,1,4,2,4,1,5,4,2,5,4,3,5,2,3,5
django__django-13023,1,5,2,4,1,5,4,2,4,5,2,5,2,2,4
django__django-16333,1,5,2,1,1,5,2,2,4,5,2,5,1,2,4
sympy__sympy-13757,1,4,3,3,2,5,3,2,5,5,3,5,3,3,4
pylint-dev__pylint-6528,2,4,3,4,2,4,4,2,5,5,3,5,2,3,4
sphinx-doc__sphinx-9461,4,4,3,3,3,4,4,3,5,4,4,4,4,4,4
django__django-14725,2,3,3,4,2,3,4,3,3,4,4,4,3,3,3
sphinx-doc__sphinx-11445,2,4,2,4,2,5,4,2,5,5,3,4,3,3,4
astropy__astropy-14096,2,5,3,2,1,5,2,2,5,5,3,4,3,3,5
astropy__astropy-14995,1,5,2,4,1,5,4,2,5,5,2,4,2,3,5
django__django-15499,2,5,2,1,2,5,2,2,4,5,2,5,2,3,4
django__django-15525,2,4,2,2,2,5,3,3,5,4,3,4,3,4,5
matplotlib__matplotlib-25479,3,4,3,3,2,4,3,3,5,5,3,4,3,4,5
sphinx-doc__sphinx-8548,3,4,3,2,2,5,3,2,4,4,3,5,4,4,4
django__django-13449,3,4,3,2,2,4,3,2,5,5,3,4,3,4,5
django__django-15572,1,5,2,2,1,5,2,2,4,5,2,4,2,2,4
django__django-16145,2,5,2,2,1,5,2,2,5,5,2,5,2,2,5
django__django-11815,2,5,3,4,1,5,4,2,5,5,2,5,2,3,5
sympy__sympy-17630,2,5,3,3,2,4,3,2,5,4,3,4,4,4,5
pytest-dev__pytest-10356,3,4,4,2,2,4,3,3,5,4,3,4,3,4,4
django__django-10880,1,4,2,2,1,5,2,2,3,5,2,4,2,3,4
django__django-11141,2,5,3,3,2,4,3,2,3,5,3,5,2,3,4
matplotlib__matplotlib-24970,2,5,3,3,2,5,3,2,5,4,3,4,3,3,5
sympy__sympy-13798,2,5,3,2,2,5,2,2,5,4,3,5,2,2,4
scikit-learn__scikit-learn-26194,2,5,3,3,2,5,3,2,5,4,2,4,1,3,4
matplotlib__matplotlib-24570,1,4,4,3,1,5,4,2,5,5,2,4,2,2,4
sphinx-doc__sphinx-10673,3,5,3,2,3,4,2,3,5,5,4,5,4,4,5
django__django-14752,2,5,2,2,2,5,3,2,5,5,2,5,2,2,4
matplotlib__matplotlib-24177,1,4,3,3,2,4,2,3,5,4,3,4,4,3,4
django__django-16082,1,4,2,3,1,5,3,2,3,4,2,4,2,2,4
sympy__sympy-22456,2,5,3,1,1,5,2,2,4,4,3,5,2,3,4
django__django-13516,1,4,2,1,1,5,2,2,4,4,2,5,2,2,4
matplotlib__matplotlib-22871,2,4,2,3,2,5,3,2,5,5,3,4,3,3,4
matplotlib__matplotlib-23299,2,4,3,2,2,3,2,2,5,4,3,4,3,3,5
django__django-14007,3,4,3,2,2,4,3,3,5,4,3,5,4,4,4
django__django-16485,1,5,2,2,1,5,2,2,5,4,2,4,2,2,5
matplotlib__matplotlib-22719,2,4,2,2,1,5,2,2,5,5,2,4,2,3,5
django__django-16256,3,5,3,3,2,4,4,2,4,5,3,5,2,4,4
django__django-14011,3,4,3,3,3,4,4,5,4,5,4,4,4,4,5
django__django-15315,1,5,3,2,1,5,2,2,5,5,2,5,2,2,5
pytest-dev__pytest-6197,3,4,3,3,2,4,3,3,5,5,4,4,3,4,5
django__django-16493,2,5,2,3,2,5,3,2,5,5,2,5,2,3,4
django__django-14787,1,5,2,2,1,5,2,2,5,4,2,4,2,2,5
django__django-13279,2,4,3,3,2,5,4,2,3,4,3,4,3,3,4
django__django-12741,2,5,2,1,2,4,2,2,3,5,2,5,1,3,4
django__django-15987,1,4,2,3,1,5,3,2,3,4,2,4,2,2,4
sympy__sympy-13480,1,5,1,2,1,5,2,1,5,5,1,4,1,2,5
astropy__astropy-7166,2,4,2,2,1,5,3,2,4,5,2,4,2,2,4
sympy__sympy-17139,1,5,2,3,2,5,3,2,5,5,3,5,2,3,5
django__django-15467,1,5,2,2,1,5,3,2,5,5,2,5,1,2,4
django__django-15037,2,4,2,2,2,3,2,2,5,4,3,4,2,3,4
sphinx-doc__sphinx-7985,2,5,3,3,2,4,4,2,5,5,3,4,2,3,4
astropy__astropy-13579,2,4,2,2,1,4,2,2,5,5,3,4,2,3,4
pytest-dev__pytest-7324,2,5,2,3,2,5,3,2,5,4,3,4,3,2,5
sympy__sympy-13091,3,5,4,4,4,4,4,3,5,5,4,5,2,4,4
scikit-learn__scikit-learn-13496,1,5,2,1,2,5,2,2,4,5,2,5,2,2,4
pydata__xarray-4094,1,4,2,2,1,5,2,2,5,5,3,4,2,2,5
django__django-16877,1,5,2,3,1,5,4,2,4,5,2,5,2,2,4
matplotlib__matplotlib-25311,2,4,2,2,2,5,3,3,5,4,3,4,3,3,5
scikit-learn__scikit-learn-25232,2,5,2,1,2,5,2,2,5,5,2,5,2,2,4
pytest-dev__pytest-7236,2,4,3,4,2,5,4,3,5,5,3,4,4,4,5
pydata__xarray-3993,2,5,3,2,2,4,2,2,5,5,2,5,2,3,4
django__django-15563,4,3,3,2,2,4,3,3,5,4,4,5,4,4,5
sympy__sympy-13615,3,4,3,2,2,4,2,3,5,4,4,5,3,3,4
pydata__xarray-6744,2,4,3,4,2,5,4,3,5,5,3,5,3,3,4
sphinx-doc__sphinx-7454,1,4,2,2,1,4,2,2,5,5,2,4,2,2,4
matplotlib__matplotlib-23314,1,4,2,1,2,5,2,2,5,5,2,4,2,2,4
scikit-learn__scikit-learn-12585,1,5,2,2,1,5,2,2,5,5,2,4,2,2,5
pylint-dev__pylint-6903,1,5,2,3,1,5,3,2,5,5,2,4,2,2,5
django__django-12273,2,3,3,3,2,4,4,4,5,4,4,4,4,4,4
sympy__sympy-12481,1,4,3,2,1,5,2,2,5,5,2,5,2,2,4
django__django-10999,2,5,3,4,1,5,4,3,5,4,3,4,2,2,4
matplotlib__matplotlib-26291,1,4,2,2,2,4,2,2,5,5,3,4,4,3,5
django__django-15277,1,5,2,4,1,5,4,2,5,5,2,4,2,2,5
sympy__sympy-13551,2,4,3,1,1,5,2,2,5,5,3,4,2,3,5
sympy__sympy-22914,1,5,2,1,1,5,2,1,5,5,1,5,1,2,5
django__django-13012,1,4,2,2,1,5,2,2,5,5,2,5,2,2,5
django__django-11490,2,5,2,2,2,5,2,2,5,4,3,5,3,4,4
sphinx-doc__sphinx-7462,2,5,2,3,2,5,3,2,4,5,2,4,2,3,5
django__django-16569,1,5,1,2,1,5,2,2,5,5,2,5,1,2,5
django__django-16139,1,5,2,2,1,5,3,2,4,5,2,5,1,2,4
sympy__sympy-21379,2,3,2,2,2,4,2,3,5,4,4,4,4,3,5
sympy__sympy-12419,2,4,3,2,2,5,3,2,5,5,3,5,2,3,5
django__django-14915,1,5,2,2,1,5,2,2,5,5,2,4,2,2,5
sphinx-doc__sphinx-8056,2,4,2,2,2,4,3,2,4,5,3,4,2,3,4
sympy__sympy-17318,2,5,2,3,2,4,3,2,5,5,3,4,2,3,5
pylint-dev__pylint-7277,2,5,3,4,1,5,4,3,5,5,3,4,2,3,4
sympy__sympy-24213,1,5,3,2,1,5,2,2,5,5,3,4,2,3,5
matplotlib__matplotlib-25960,3,4,3,2,2,5,2,3,5,4,4,4,4,4,4
django__django-11740,2,4,2,2,2,4,2,2,4,5,3,4,2,3,5
sympy__sympy-20801,2,4,3,2,1,5,2,2,5,4,3,4,2,3,4
django__django-14493,1,5,1,3,1,5,2,2,5,5,2,4,1,2,5
django__django-14539,2,5,2,2,1,5,2,2,5,4,3,5,3,2,4
astropy__astropy-13236,2,5,3,3,2,5,4,2,4,5,2,5,2,3,4
pytest-dev__pytest-10081,2,4,2,3,2,5,4,2,5,5,3,5,3,3,5
django__django-17084,2,3,3,2,2,5,3,3,5,4,3,4,4,4,5
django__django-13028,1,5,2,2,2,5,3,2,5,5,2,4,2,3,5
pydata__xarray-6461,1,5,2,2,1,5,2,2,5,4,2,3,2,2,5
matplotlib__matplotlib-20488,2,4,2,4,2,4,3,3,4,4,3,4,3,3,5
pytest-dev__pytest-8399,1,5,2,3,2,5,4,2,5,5,2,5,1,2,5
matplotlib__matplotlib-20826,2,4,3,2,2,4,2,2,5,5,3,4,3,4,4
django__django-15851,1,5,2,1,1,5,2,1,5,5,2,5,1,2,5
sympy__sympy-19783,2,4,3,2,2,4,3,2,5,4,3,4,3,3,4
pytest-dev__pytest-5840,3,4,3,4,2,4,4,3,4,4,3,4,4,4,5
django__django-10097,2,5,3,4,2,5,4,2,4,5,3,5,2,3,4
sympy__sympy-22714,1,5,2,2,2,5,2,2,5,4,3,4,3,2,5
django__django-11239,1,5,2,3,1,5,4,2,4,5,2,5,1,2,4
django__django-15503,3,4,3,4,2,5,4,3,5,4,4,5,3,4,5
sympy__sympy-24443,3,5,2,2,1,5,2,2,5,4,3,4,2,3,5
django__django-15368,1,5,2,1,1,5,2,2,5,5,2,5,2,2,5
matplotlib__matplotlib-23476,1,4,2,2,2,4,2,2,5,4,3,5,2,3,5
django__django-15104,1,5,1,2,1,5,2,2,5,5,2,4,2,3,5
django__django-15554,4,3,3,2,2,4,3,3,5,4,4,4,4,4,4
django__django-13195,2,5,3,3,3,5,4,2,4,4,3,5,2,3,5
sympy__sympy-15349,1,5,3,2,1,5,3,2,5,4,2,4,2,2,4
scikit-learn__scikit-learn-25747,1,5,3,2,1,5,3,2,5,5,3,4,2,3,5
django__django-16801,2,5,2,2,1,5,2,2,3,5,3,4,2,3,4
django__django-14580,1,4,1,2,1,5,2,2,5,5,2,4,2,2,5
sympy__sympy-20154,2,5,3,3,1,5,4,2,4,5,2,5,2,2,4
pytest-dev__pytest-5787,4,4,3,4,2,4,4,3,5,4,3,5,4,4,5
django__django-13212,3,5,3,4,3,4,4,3,4,4,3,5,2,4,4
pylint-dev__pylint-4661,2,5,4,2,2,5,2,2,3,4,2,4,2,3,4
sphinx-doc__sphinx-10435,2,5,2,1,1,5,2,2,5,5,2,4,2,3,4
sympy__sympy-20590,1,4,3,2,2,5,2,2,5,5,2,4,2,3,5
django__django-16315,2,4,2,2,2,3,3,2,5,5,3,5,2,3,5
psf__requests-2317,1,5,2,2,1,5,2,2,4,4,2,4,1,2,4
django__django-14017,1,5,3,4,1,5,4,2,5,5,2,4,2,3,5
django__django-13551,2,5,3,4,2,5,4,2,4,5,2,5,2,3,4
matplotlib__matplotlib-26208,1,3,2,2,2,4,3,2,5,4,3,4,4,3,5
sympy__sympy-19346,2,5,2,4,1,5,4,2,5,5,2,4,2,2,4
django__django-15128,3,4,3,3,2,4,3,4,5,4,4,4,4,4,5
django__django-13121,4,4,3,2,3,4,3,3,5,4,4,4,4,4,5
scikit-learn__scikit-learn-10844,2,5,2,3,2,5,3,2,2,5,3,4,2,2,5
django__django-12419,1,5,4,1,1,4,2,1,3,5,1,5,1,2,4
django__django-13658,1,5,2,2,1,5,2,2,4,5,2,5,1,2,4
django__django-14349,2,5,3,4,2,5,4,2,4,4,2,4,2,2,5
sphinx-doc__sphinx-7910,2,5,2,2,1,5,3,2,4,5,2,5,2,3,5
django__django-11848,2,5,3,4,2,5,4,3,3,5,3,5,2,2,4
django__django-13033,2,4,3,2,2,4,3,3,5,5,3,5,4,4,5
sympy__sympy-15345,2,4,2,1,2,5,2,2,5,5,2,5,2,2,4
django__django-16661,3,4,3,3,2,5,3,3,5,4,4,5,4,4,4
django__django-12858,2,4,2,2,2,5,2,2,4,4,3,5,3,3,5
scikit-learn__scikit-learn-25931,2,5,2,2,2,4,2,2,5,5,3,4,2,3,5
mwaskom__seaborn-3069,2,4,3,2,2,3,3,2,3,4,3,5,3,3,4
scikit-learn__scikit-learn-11310,2,5,2,2,2,5,2,2,5,5,2,5,2,2,4
sympy__sympy-18189,1,4,2,2,1,5,3,2,5,5,2,5,1,2,4
django__django-12663,2,4,3,2,2,4,2,2,5,5,3,4,4,4,5
scikit-learn__scikit-learn-10297,1,5,2,2,2,5,3,2,5,5,2,4,2,2,5
pylint-dev__pylint-6386,3,4,3,2,3,5,2,2,5,5,3,4,3,3,5
django__django-14534,1,5,2,2,1,5,3,2,4,5,2,5,1,2,4
django__django-14373,1,5,2,3,1,5,3,1,3,5,2,5,1,2,4
django__django-15098,1,3,3,4,1,5,4,2,5,5,3,5,2,3,4
sympy__sympy-23534,1,5,2,2,1,5,2,2,5,5,2,5,2,2,4
django__django-14631,3,4,3,3,2,4,3,3,4,5,3,5,3,4,4
django__django-11433,2,4,3,4,1,5,4,2,3,4,3,4,2,3,4
psf__requests-1921,2,4,3,2,1,5,2,2,5,5,2,5,2,3,4
django__django-16899,1,5,2,2,2,5,3,1,4,5,2,5,2,2,5
psf__requests-2931,2,5,3,2,2,4,2,2,5,4,3,4,2,3,4
astropy__astropy-14182,3,5,3,2,2,5,3,3,5,5,3,5,3,3,5
django__django-12209,1,4,3,2,2,5,2,3,5,4,3,4,4,3,4
django__django-11999,2,4,3,2,2,5,2,2,5,4,3,5,4,3,4
sympy__sympy-15017,1,5,3,3,1,4,3,2,5,5,2,4,2,2,4
sphinx-doc__sphinx-10614,2,4,3,4,2,5,4,3,5,5,4,4,3,3,4
scikit-learn__scikit-learn-13439,1,5,2,1,1,5,1,1,5,5,1,5,1,2,4
sympy__sympy-13878,4,5,3,4,2,4,4,3,5,5,3,4,2,3,5
sphinx-doc__sphinx-11510,4,4,3,3,2,4,4,3,5,5,4,5,4,4,4
django__django-14559,2,5,3,4,2,5,4,2,4,5,3,5,2,2,4
django__django-13964,1,4,3,2,2,4,2,2,5,5,3,5,3,3,5
django__django-14608,1,4,2,3,2,5,4,2,3,5,2,5,2,2,4
django__django-13821,1,5,4,3,1,5,2,1,3,5,1,5,1,2,4
django__django-14034,2,4,3,3,2,5,3,2,5,4,3,4,3,3,4
pydata__xarray-6992,4,5,4,4,3,5,4,4,5,4,4,3,4,4,5
django__django-16662,1,5,2,2,1,5,2,2,4,5,2,5,2,2,4
django__django-13933,1,5,2,2,1,5,2,2,4,5,2,5,2,2,4
sphinx-doc__sphinx-7440,2,4,3,2,2,5,3,2,5,5,2,4,2,3,5
pytest-dev__pytest-7432,1,5,2,2,1,5,3,2,5,5,3,5,2,3,5
scikit-learn__scikit-learn-14629,2,5,2,2,2,4,3,2,5,5,2,4,2,3,5
sympy__sympy-23262,1,4,2,2,1,5,2,2,5,5,2,5,2,2,5
django__django-13925,2,4,2,4,2,4,4,2,4,4,3,5,3,3,5
astropy__astropy-13453,2,4,2,2,2,5,3,2,5,5,2,4,2,3,4
sympy__sympy-21930,1,4,3,2,2,4,4,2,5,5,2,5,2,2,4
sympy__sympy-24661,2,4,2,2,1,5,3,2,5,5,2,5,2,2,4
sphinx-doc__sphinx-8035,3,4,3,2,2,4,2,3,3,4,3,4,3,3,4
django__django-14999,2,4,2,2,2,4,3,2,3,4,2,5,2,3,4
scikit-learn__scikit-learn-11578,1,5,2,3,2,5,4,2,5,5,3,5,2,3,5
django__django-13837,2,5,3,3,2,5,3,2,4,5,3,5,2,3,4
scikit-learn__scikit-learn-9288,2,4,3,1,2,5,2,2,5,5,3,5,2,3,4
pydata__xarray-7229,3,4,3,4,2,4,4,3,5,4,4,5,4,4,4
scikit-learn__scikit-learn-13142,2,4,2,2,2,5,3,2,5,5,3,5,2,3,5
scikit-learn__scikit-learn-25973,2,4,2,2,2,5,2,2,5,5,3,4,3,3,5
sphinx-doc__sphinx-9673,1,4,2,2,1,5,2,2,5,5,2,4,2,2,4
django__django-15561,2,4,3,2,2,5,3,3,4,4,3,5,2,3,4
sphinx-doc__sphinx-9258,1,4,2,2,1,5,3,2,5,4,2,5,2,2,4
scikit-learn__scikit-learn-12682,3,5,3,2,2,4,3,2,3,4,3,4,2,4,4
django__django-11133,1,5,2,1,1,5,2,1,5,5,2,5,2,2,4
django__django-11099,1,5,2,3,1,5,3,1,4,5,2,5,1,2,4
pylint-dev__pylint-4551,4,3,3,4,3,3,4,3,5,4,3,4,4,4,4
sphinx-doc__sphinx-8721,2,4,2,3,1,5,4,2,4,5,2,4,2,3,4
sympy__sympy-16792,2,4,2,2,1,4,2,2,5,5,3,5,2,3,5
sympy__sympy-18763,1,5,3,2,1,5,2,2,5,5,2,5,2,2,4
django__django-12965,2,4,3,2,2,4,2,2,5,4,3,5,3,3,4
django__django-15127,2,4,2,2,2,4,3,2,3,5,2,4,2,3,4
matplotlib__matplotlib-26342,1,5,2,1,1,5,2,2,5,5,2,5,1,2,4
sympy__sympy-23413,2,4,3,3,2,5,3,3,5,4,4,5,3,3,4
django__django-15629,4,4,3,3,3,4,4,4,5,5,4,5,4,4,4
pydata__xarray-7233,2,5,3,3,2,5,4,2,5,5,3,4,3,3,4
astropy__astropy-14508,2,5,3,2,1,5,3,2,5,5,2,4,2,3,5
django__django-15916,2,4,3,2,2,4,3,2,5,4,3,5,2,3,4
matplotlib__matplotlib-25775,3,4,3,3,3,3,4,3,3,5,3,5,3,4,4
django__django-14311,2,4,3,3,1,5,3,2,4,4,3,4,2,3,4
sphinx-doc__sphinx-9281,2,4,3,1,1,5,2,2,5,5,2,5,2,2,4
pydata__xarray-3677,1,5,2,1,1,4,2,2,5,5,2,4,2,2,5
sympy__sympy-19040,1,4,2,2,1,4,2,2,5,4,2,5,2,3,4
django__django-13315,3,4,3,3,2,5,4,4,3,4,4,4,4,4,4
sympy__sympy-15599,4,5,4,3,2,5,3,3,5,4,4,5,4,4,4
pytest-dev__pytest-7982,1,5,3,1,1,5,2,2,3,5,2,5,1,3,4
django__django-11451,1,5,2,4,1,5,4,2,4,5,2,5,1,2,5
sympy__sympy-15976,2,4,3,4,1,5,4,2,5,5,3,5,2,2,4
django__django-15957,4,4,3,3,2,3,4,4,5,4,4,4,4,4,5
django__django-12050,2,5,3,1,1,5,2,2,3,4,3,4,2,3,4
django__django-15280,2,3,3,2,2,3,3,3,5,5,4,5,4,4,5
pytest-dev__pytest-7490,3,4,3,3,2,4,3,2,5,5,3,5,3,4,5
django__django-13568,2,5,2,4,2,5,4,2,5,4,3,4,2,3,5
django__django-11555,2,4,2,2,2,4,3,2,3,4,3,4,3,3,4
scikit-learn__scikit-learn-13135,1,5,2,3,2,5,3,2,5,5,2,4,2,2,5
django__django-13513,3,5,3,4,2,5,3,3,5,5,4,5,2,3,4
django__django-10554,3,4,3,4,2,5,4,3,5,4,4,4,4,4,5
pydata__xarray-4075,2,5,2,2,1,5,3,2,5,5,2,5,1,2,5
matplotlib__matplotlib-24627,2,4,3,2,1,4,2,2,5,5,2,5,2,3,4
django__django-13401,3,5,3,3,2,5,4,3,5,5,4,5,2,3,4
astropy__astropy-13977,4,5,3,4,2,4,4,4,5,4,4,4,4,4,5
django__django-11095,2,5,2,2,2,5,3,2,3,5,2,4,2,2,3
django__django-12713,2,5,2,2,1,5,2,2,3,4,2,4,2,3,3
django__django-13417,2,4,2,3,2,4,3,2,5,4,3,4,2,3,4
sympy__sympy-13031,2,5,3,3,2,4,3,2,5,4,3,5,3,3,4
sympy__sympy-15809,1,5,3,2,1,5,2,2,5,5,2,5,1,3,5
sympy__sympy-13877,3,4,3,3,2,5,2,3,5,4,4,4,4,4,5
django__django-13786,2,5,2,3,2,5,3,2,4,5,3,5,2,3,4
django__django-16642,1,4,2,2,1,5,3,2,5,4,2,4,2,2,4
pytest-dev__pytest-6202,1,5,2,2,1,5,3,2,5,5,2,5,1,2,5
django__django-11885,4,4,3,2,3,4,2,3,5,4,4,5,4,4,4
sphinx-doc__sphinx-7748,3,4,3,2,2,4,3,3,3,4,3,4,3,4,4
matplotlib__matplotlib-24149,2,5,2,3,2,5,2,2,5,5,2,4,2,3,5
django__django-15741,1,5,2,2,2,5,3,2,4,4,2,4,2,3,5
django__django-14500,2,4,3,2,2,5,3,2,3,4,3,4,2,3,4
scikit-learn__scikit-learn-25102,3,4,3,3,3,4,4,3,5,4,4,4,4,4,4
sympy__sympy-20438,3,4,3,4,3,5,4,3,5,4,4,4,4,4,5
sympy__sympy-16766,1,5,2,1,1,5,2,1,5,5,2,5,1,2,5
django__django-13512,1,4,2,3,2,5,4,2,4,4,2,4,2,2,4
astropy__astropy-7606,2,5,3,3,2,5,3,2,5,5,3,5,2,3,5
sympy__sympy-14976,2,4,2,2,2,5,3,2,5,4,2,4,2,2,5
django__django-14238,1,5,2,3,2,5,4,2,5,5,2,4,2,3,5
django__django-10914,1,5,4,1,1,5,2,1,3,5,2,4,2,2,4
django__django-14404,2,5,2,3,1,5,4,2,3,5,2,5,2,3,4
psf__requests-6028,1,3,3,2,2,4,2,2,4,4,3,4,3,2,4
django__django-13569,2,5,3,2,2,4,2,3,5,5,3,4,4,3,5
pylint-dev__pylint-4970,1,4,2,3,1,5,2,1,4,5,2,5,2,2,4
matplotlib__matplotlib-24870,3,4,3,3,2,4,4,3,5,5,3,5,3,4,4
matplotlib__matplotlib-25332,2,4,3,2,2,4,3,2,5,4,3,4,4,3,5
sphinx-doc__sphinx-8595,1,4,2,2,1,5,2,2,5,5,2,5,2,2,4
scikit-learn__scikit-learn-12973,2,5,3,2,1,5,4,2,3,5,2,5,1,2,4
django__django-17087,1,4,2,2,1,5,3,2,5,5,2,5,1,2,4
django__django-14351,3,3,3,2,2,4,2,3,5,4,4,4,4,4,5
sympy__sympy-19954,2,5,2,2,2,5,2,2,5,4,3,4,3,3,5
django__django-16100,2,4,3,4,2,5,4,2,3,4,2,4,2,4,4
django__django-12143,1,5,1,2,1,5,3,2,3,5,2,4,1,2,4
django__django-16950,2,4,3,4,2,5,4,3,5,4,4,4,3,3,5
sphinx-doc__sphinx-10323,1,5,2,2,1,5,2,2,5,5,3,5,2,2,5
django__django-12155,2,5,3,3,2,5,3,2,4,4,2,4,2,3,5
django__django-16116,2,5,3,2,1,5,2,2,4,4,2,5,2,2,4
django__django-13590,2,5,2,2,1,5,2,2,4,5,2,4,2,3,5
django__django-17029,1,5,1,2,1,5,2,2,4,5,2,5,2,2,4
sympy__sympy-22080,3,4,3,3,2,4,4,3,5,4,4,5,3,4,5
django__django-15278,2,4,3,2,2,5,2,2,4,4,3,4,2,3,5
django__django-16454,2,5,2,4,2,5,4,2,5,5,3,5,2,3,5
django__django-13343,2,5,2,2,2,4,3,2,3,5,2,5,2,3,4
django__django-16136,2,4,2,3,2,5,4,2,5,5,2,4,2,3,5
django__django-13158,2,4,3,2,2,4,2,2,5,4,3,4,4,3,4
pylint-dev__pylint-8898,2,4,3,4,2,4,4,2,5,4,3,4,2,3,5
sympy__sympy-24066,2,5,3,2,2,4,2,2,5,5,3,5,3,3,5
django__django-14672,1,5,1,3,1,5,4,2,5,5,2,4,2,2,5
sympy__sympy-23824,1,5,2,2,1,5,3,2,5,5,2,5,1,2,5
django__django-13363,1,5,2,2,1,5,3,2,5,5,2,5,1,3,4
scikit-learn__scikit-learn-14983,2,5,2,1,2,5,2,2,5,5,2,5,2,3,5
sphinx-doc__sphinx-7590,4,5,3,4,3,4,4,3,5,4,4,4,3,4,5
matplotlib__matplotlib-14623,3,4,3,2,3,5,2,2,5,5,3,4,4,4,4
django__django-16527,1,5,2,2,1,5,3,2,3,5,2,5,1,2,4
django__django-16032,3,4,3,2,2,4,3,3,5,5,4,4,4,4,5
pydata__xarray-2905,2,5,3,2,1,4,2,2,5,5,2,5,2,3,4
django__django-12708,2,5,2,2,2,5,3,2,4,4,3,4,3,3,5
django__django-15022,2,4,3,4,2,5,4,3,5,4,4,4,2,4,4
sympy__sympy-17655,1,5,2,2,1,5,3,1,5,5,2,4,1,2,5
sphinx-doc__sphinx-9367,1,5,1,2,1,5,2,1,5,5,2,5,1,2,4
pylint-dev__pylint-7080,1,4,2,3,1,5,3,2,5,5,2,5,2,2,5
astropy__astropy-8707,3,5,3,2,2,4,3,2,3,4,3,4,2,3,4
django__django-11734,3,4,3,2,3,4,2,3,5,4,4,4,4,4,5
pydata__xarray-4687,2,5,3,1,2,5,2,2,5,4,3,4,2,3,4
astropy__astropy-7671,2,5,3,2,1,5,2,2,5,5,2,4,2,2,5
django__django-11276,2,5,4,4,3,5,5,3,4,5,3,5,2,4,4
pallets__flask-5014,1,5,2,2,1,5,2,1,4,5,2,5,1,2,4
django__django-11333,2,5,2,2,2,5,2,2,3,5,3,4,2,3,4
django__django-11299,1,4,3,3,2,4,3,3,5,4,3,5,3,4,5
django__django-16819,2,4,2,1,2,4,2,2,4,4,2,5,2,2,3
pydata__xarray-4629,1,5,1,2,1,5,2,1,5,5,2,5,1,2,5
django__django-11149,2,4,3,3,2,5,4,3,5,5,3,5,3,3,4
django__django-14170,2,4,3,4,2,4,4,3,5,5,3,5,3,3,4
pytest-dev__pytest-7521,1,4,3,3,1,5,3,2,5,5,2,5,3,3,5
django__django-13089,2,5,1,3,1,5,3,2,3,4,2,4,2,2,5
django__django-13820,2,5,2,3,2,5,3,2,3,5,3,5,2,3,4
django__django-13344,3,4,3,4,2,4,4,2,5,5,3,4,2,4,4
scikit-learn__scikit-learn-10908,1,5,2,3,1,5,3,2,5,5,2,4,2,2,5
django__django-11400,3,5,3,4,3,5,4,3,3,5,3,5,2,4,4
django__django-13128,3,4,3,4,2,4,4,3,5,4,4,4,4,4,5
django__django-15382,2,4,3,2,2,4,2,2,5,4,3,4,3,3,5
sympy__sympy-12489,4,5,4,3,2,4,4,3,4,5,4,4,2,4,4
astropy__astropy-8872,2,4,3,2,1,5,3,2,5,5,3,4,2,3,4
astropy__astropy-14365,2,5,2,2,1,5,3,2,5,5,2,4,1,2,5
django__django-11292,2,5,3,2,2,5,2,2,3,4,2,5,2,3,4
sympy__sympy-18211,2,4,3,2,2,3,3,2,5,5,2,5,2,3,5
django__django-15814,2,5,2,2,2,5,2,2,5,5,3,4,2,3,5
django__django-12406,2,4,3,3,2,4,4,3,5,4,3,5,3,3,4
astropy__astropy-13398,4,4,4,3,4,4,4,4,5,4,4,5,5,5,4
sympy__sympy-23950,1,5,3,2,1,5,2,2,5,5,2,4,2,2,5
sphinx-doc__sphinx-9229,2,3,3,2,2,4,2,2,5,5,3,4,4,3,4
psf__requests-5414,1,5,2,3,1,5,3,2,5,5,2,5,2,2,5
psf__requests-1142,2,3,3,2,1,4,2,2,4,4,2,4,2,2,4
sphinx-doc__sphinx-9602,3,4,3,2,2,4,3,2,5,5,3,4,3,3,4
matplotlib__matplotlib-25122,2,5,3,3,2,5,4,3,4,4,3,4,2,3,4
django__django-14053,2,4,3,2,2,4,3,2,5,5,3,5,3,3,5
django__django-12304,1,5,2,1,1,5,2,2,4,5,2,5,2,2,4
django__django-12754,3,3,3,2,2,4,2,3,5,4,4,4,4,4,5
sphinx-doc__sphinx-7889,1,5,2,2,1,5,3,2,5,5,2,4,2,2,5
django__django-11206,2,5,2,3,1,5,3,2,5,5,2,5,2,2,5
sphinx-doc__sphinx-8551,2,4,2,2,2,4,3,2,5,5,3,5,4,3,5
django__django-13112,2,3,2,2,1,5,2,2,4,5,2,4,2,3,5
sympy__sympy-24539,1,5,2,2,1,5,3,1,5,5,2,5,1,2,5
django__django-16255,1,5,1,3,1,5,2,2,4,5,2,4,1,2,5
django__django-14792,1,4,3,4,1,3,4,2,5,5,3,5,2,3,5
matplotlib__matplotlib-24637,2,4,2,1,2,5,2,2,5,5,2,5,2,3,4
pydata__xarray-4966,2,5,3,3,1,5,4,2,5,5,3,5,2,3,5
pydata__xarray-6721,1,5,2,2,1,5,2,2,5,4,3,4,3,3,5
django__django-13807,2,5,2,3,2,5,3,2,4,5,2,4,2,3,5
matplotlib__matplotlib-26466,2,4,2,2,2,5,3,2,5,5,3,4,2,3,4
matplotlib__matplotlib-20859,1,5,2,1,1,5,2,2,5,5,2,4,1,2,5
sphinx-doc__sphinx-8269,1,4,2,3,1,5,3,2,5,5,2,5,2,2,5
astropy__astropy-13033,2,5,2,2,1,5,2,2,5,5,2,4,2,2,5
django__django-16263,4,4,3,3,3,4,4,4,5,4,4,4,4,4,4
django__django-11119,1,5,3,2,1,5,2,2,4,5,2,5,2,2,4
pydata__xarray-7393,2,3,2,2,1,4,2,2,5,5,2,5,2,3,4
mwaskom__seaborn-3187,2,5,3,2,2,5,3,2,5,4,3,4,2,3,4
pytest-dev__pytest-5262,1,5,2,2,1,5,2,2,5,5,2,5,1,2,5
pytest-dev__pytest-7571,2,4,2,3,1,5,4,2,5,5,2,5,2,3,4
astropy__astropy-14369,3,4,3,4,2,5,4,3,5,5,4,4,4,3,5
sphinx-doc__sphinx-8475,1,5,2,3,1,5,3,2,3,5,2,4,2,2,4
django__django-15731,1,5,2,2,1,5,3,2,5,5,2,5,1,2,5
pytest-dev__pytest-5809,1,5,2,2,1,5,2,1,5,5,2,4,1,2,5
django__django-12774,2,5,2,4,2,5,4,2,5,4,3,4,2,3,5
scikit-learn__scikit-learn-13328,1,5,2,2,1,5,2,2,5,5,2,4,2,2,5
sympy__sympy-19637,1,5,1,2,1,5,2,1,5,4,2,4,2,2,5
django__django-14376,2,5,2,3,2,5,4,2,3,5,2,5,2,3,4
scikit-learn__scikit-learn-14496,2,5,2,2,2,4,3,2,5,5,2,4,2,3,5
django__django-12308,2,5,2,4,2,5,4,2,3,4,2,5,2,2,4
sympy__sympy-24562,2,4,3,3,1,5,3,2,5,5,3,4,2,3,4
astropy__astropy-12907,1,5,2,3,2,4,4,2,5,4,3,5,3,3,4
pydata__xarray-4356,2,5,2,4,1,5,4,2,5,4,3,4,2,3,4
django__django-11820,2,4,2,3,2,5,3,2,4,4,3,5,3,3,5
django__django-15863,1,5,2,2,1,5,2,2,5,5,2,5,2,2,4
django__django-14771,2,4,3,2,1,5,3,2,5,4,2,4,2,2,4
django__django-11066,1,5,2,3,2,5,4,3,4,5,2,5,2,3,5
pydata__xarray-3305,2,5,2,3,2,3,3,2,5,5,2,5,2,3,5
matplotlib__matplotlib-23412,1,5,3,2,2,5,3,2,5,5,2,4,2,3,4
scikit-learn__scikit-learn-14087,2,5,2,3,2,5,4,2,5,5,3,4,3,3,5
django__django-15930,2,4,2,3,2,4,2,2,5,4,3,4,3,3,5
django__django-12125,1,4,3,2,1,5,3,2,5,5,2,5,2,3,4
scikit-learn__scikit-learn-15100,2,5,2,4,1,5,4,2,5,5,2,5,2,2,5
sphinx-doc__sphinx-8265,3,4,3,2,2,5,2,2,5,5,3,5,3,2,4
django__django-11532,3,5,3,2,2,5,2,2,5,5,2,4,2,4,5
django__django-11477,1,4,3,4,2,5,4,2,4,4,3,5,2,3,4
django__django-9296,1,5,2,1,1,5,2,1,4,5,1,5,1,2,3
sphinx-doc__sphinx-8459,1,4,2,2,2,5,2,2,5,5,3,4,3,3,4
sympy__sympy-14711,1,5,2,2,1,5,2,1,5,5,2,4,2,2,5
sympy__sympy-18698,2,3,3,2,2,4,2,2,5,4,3,5,2,3,4
django__django-16560,3,5,3,4,3,4,4,3,3,4,3,5,2,4,4
scikit-learn__scikit-learn-26323,2,5,2,2,1,5,3,2,5,5,2,5,2,3,4
django__django-11163,1,5,2,3,1,5,4,1,5,5,2,5,1,2,4
scikit-learn__scikit-learn-14710,2,5,2,2,2,5,3,2,5,5,3,4,2,3,5
django__django-13670,1,5,2,3,1,5,3,1,5,5,2,5,2,2,4
django__django-13109,1,5,3,3,2,5,4,2,5,5,2,5,2,3,5
astropy__astropy-14539,1,5,2,3,2,5,4,2,5,5,2,5,2,2,5
sphinx-doc__sphinx-9658,2,4,3,2,2,5,3,2,5,4,3,5,4,3,4
django__django-15161,2,5,2,2,2,4,4,2,3,4,2,5,2,3,4
sympy__sympy-13647,1,5,2,2,1,5,2,2,5,5,2,5,2,2,4
django__django-11964,1,4,3,2,1,5,3,2,5,5,2,5,2,2,5
django__django-11749,2,5,3,3,1,5,3,2,5,5,3,4,2,3,5
pydata__xarray-3095,2,4,2,2,2,4,3,2,5,5,3,5,3,3,5
sphinx-doc__sphinx-8120,2,4,3,2,2,5,3,2,5,5,3,5,3,3,4
scikit-learn__scikit-learn-14053,1,5,2,2,1,5,3,2,5,5,2,4,2,2,5
scikit-learn__scikit-learn-13779,1,5,2,3,1,5,3,2,5,5,2,4,2,2,5
psf__requests-1724,1,5,2,2,1,5,2,2,5,5,2,4,1,2,5
django__django-12325,2,4,3,4,2,4,4,3,5,4,4,4,4,4,5
scikit-learn__scikit-learn-14141,1,5,1,1,1,5,2,1,3,5,1,5,1,2,4
matplotlib__matplotlib-26113,1,5,3,2,1,5,3,2,5,5,2,5,2,2,4
django__django-14434,2,4,2,2,2,4,3,2,2,4,3,4,2,3,4
sphinx-doc__sphinx-9320,1,5,2,2,1,5,2,2,5,5,2,5,2,2,5
pylint-dev__pylint-4604,2,4,2,3,2,5,3,2,5,5,3,4,3,3,5
django__django-12276,2,5,2,2,1,5,3,2,4,5,2,5,1,3,4
django__django-10973,2,5,3,4,2,5,4,2,2,5,2,4,2,3,3
sympy__sympy-16886,1,5,1,2,1,5,2,1,4,5,1,5,1,1,4
matplotlib__matplotlib-22865,2,5,2,4,2,5,4,2,5,5,3,4,3,3,4
sphinx-doc__sphinx-8638,1,3,2,1,1,4,2,2,5,4,3,4,3,2,4
pytest-dev__pytest-10051,2,5,2,2,1,5,3,2,5,5,2,5,2,3,5
scikit-learn__scikit-learn-13124,2,4,3,2,2,5,2,2,5,5,3,4,2,3,5
django__django-16429,1,5,1,4,1,5,4,2,5,5,2,5,2,2,5
django__django-11138,4,5,3,3,3,4,3,4,5,5,4,5,3,4,5
django__django-13410,2,5,2,3,1,5,3,2,4,5,2,5,1,2,5
django__django-16612,1,5,2,4,1,5,4,2,5,5,2,5,1,2,4
sympy__sympy-20428,1,4,3,2,2,4,2,2,5,4,3,5,3,3,5
django__django-14855,1,5,2,3,2,5,4,2,4,5,2,5,1,3,4
django__django-15252,2,5,2,3,2,4,3,2,4,4,3,4,3,3,4
django__django-11211,2,4,3,2,2,5,2,2,5,4,3,4,4,4,4
astropy__astropy-14309,1,5,2,2,1,5,2,1,5,5,2,4,2,2,5
django__django-13810,2,5,2,3,2,5,3,3,4,4,4,4,4,4,5
sympy__sympy-14531,3,4,3,2,2,4,3,2,5,5,3,5,3,4,4
django__django-13406,1,4,2,3,1,4,4,2,5,5,3,5,2,3,5
sympy__sympy-14248,3,4,3,3,3,3,4,2,5,5,3,4,3,4,4
django__django-14140,2,5,3,4,2,5,4,2,5,5,3,4,2,3,5
sympy__sympy-13974,3,4,3,2,2,5,3,2,5,5,3,5,2,3,4
sphinx-doc__sphinx-9711,2,5,2,2,1,5,2,2,5,5,2,5,2,2,5
sympy__sympy-19495,2,4,3,3,2,5,3,3,5,4,4,4,3,3,4
django__django-11179,1,5,2,2,1,5,2,2,4,5,2,5,2,2,4
sphinx-doc__sphinx-10466,2,5,2,2,1,5,2,2,4,5,2,4,2,2,5
django__django-16595,1,5,2,2,2,5,3,2,5,5,2,5,2,2,4
sympy__sympy-13372,2,5,2,2,1,5,2,2,5,4,2,5,2,3,5
pydata__xarray-6599,2,4,2,2,2,5,3,2,5,5,3,4,3,3,5
django__django-15268,2,4,3,3,2,4,4,3,5,4,4,5,3,3,4
sphinx-doc__sphinx-8593,3,4,3,3,2,4,4,2,5,5,3,4,3,4,4
sympy__sympy-20916,1,4,2,4,2,4,4,2,5,5,2,5,2,2,4
sympy__sympy-21612,2,5,3,2,2,5,2,2,5,5,2,5,2,3,5
django__django-11790,1,4,2,3,1,5,3,2,3,5,2,5,2,2,4
pytest-dev__pytest-7205,1,5,2,3,1,5,4,2,5,5,2,4,2,2,5
matplotlib__matplotlib-24026,2,5,3,2,2,5,2,2,5,5,3,4,2,3,5
sympy__sympy-15875,1,4,3,2,1,5,2,2,5,4,3,5,2,3,4
django__django-16901,2,4,3,3,2,5,3,3,5,5,4,5,2,3,5
django__django-11728,2,4,2,4,1,5,4,2,5,5,3,5,2,2,5
